"marks","student_name"
0,"riya"
0.16666666666666669,"tejal"
0.3958333333333333,"neha"
0.8749999999999999,"manali"
0.9999999999999999,"dolly"
